"Reporting starts","Reporting ends","Campaign name","Campaign delivery",Results,"Result indicator","Unique CTR (link click-through rate)","Results rate per link clicks","Cost per results","Ad set budget","Ad set budget type","Amount spent (BRL)",Impressions,Reach,"Total messaging contacts","New messaging contacts",Purchases,Ends,"Attribution setting","Cost per purchase (BRL)","Results (initial)","Results (initial) indicator"
2026-08-01,2026-08-31,"LEILÃO | CONVERSÃO | FUNDO | CADASTRE-SE INSTITUCIONAL | 07.06.24 +",not_delivering,,,1.129732,,,25,Daily,310.08,35319,18677,,,,Ongoing,"7-day click or 1-day view",,,
2026-08-01,2026-08-31,"03.10 - [GMZ.MOKE] | [CONTÍNUO] | [FB+IG] | [AUTO] | CONV | Venda Direta |  | 17/01/25 % - SEM DATA",inactive,,,0,,,1000,Daily,0,0,0,,,,Ongoing,"7-day click or 1-day view",,,
2026-08-01,2026-08-31,"02.06 - [CONTÍNUO] | [FB+IG] | [AUTO] | CONSID | TRAF | NÃO HABIL | 24/03/25 - SEM DATA",inactive,,,0,,,100,Daily,0,0,0,,,,Ongoing,"7-day click or 1-day view",,,
2026-08-01,2026-08-31,"CONVERSÃO | Venda Direta INSTAGRAM | FUNDO | 03.04.25 %",inactive,,,0,,,"Using ad set budget",0,0,0,0,,,,Ongoing,"7-day click or 1-day view",,,
2026-08-01,2026-08-31,"VENDA DIRETA | CONVERSÃO | FUNDO | WHATSAPP FACEBOOK | VENDER | 13.08.25 %",inactive,,,0,,,130,Daily,0,0,0,,,,Ongoing,"7-day click or 1-day view",,,
2026-08-01,2026-08-31,"VENDA DIRETA | CONVERSÃO | FUNDO | WHATSAPP INSTAGRAM | VENDER |  13.08.25 %",inactive,,,0,,,90,Daily,0,0,0,,,,Ongoing,"7-day click or 1-day view",,,
2026-08-01,2026-08-31,"VENDA DIRETA | CONVERSÃO | FUNDO | COMPRE AGORA | COMPRAR | 08.09.25 %",inactive,,,0,,,66.87,Daily,0,0,0,,,,Ongoing,"7-day click, 1-day view, or 1-day engaged-view",,,
2026-08-01,2026-08-31,"CONVERSÃO | LEILÃO SEMANAL | LEILÃO NORDESTE coliseu | FUNDO | 04.11.25 +",inactive,,,0,,,50,Daily,0,0,0,,,,Ongoing,"7-day click, 1-day view, or 1-day engaged-view",,,
2026-08-01,2026-08-31,[Binder][Whats][Vender],inactive,430,actions:onsite_conversion.messaging_conversation_started_7d,1.734354,26.26756261,17.05023256,23495.63,Lifetime,7331.6,184635,78646,478,350,,2026-08-31,"7-day click or 1-day view",,,
2026-08-01,2026-08-31,"[Binder][Mensagens] Leilão",archived,,,0,,,350,Lifetime,0,0,0,,,,2026-07-10,-,,,
2026-08-01,2026-08-31,"[Binder][Tráfego] Leilão",completed,,,0,,,500,Lifetime,0,0,0,,,,2026-07-14,"7-day click or 1-day view",,,
2026-08-01,2026-08-31,binder_leilao_hibrido_210726,inactive,,,0,,,2500,Lifetime,0,0,0,,,,2026-07-21,"7-day click, 1-day view, or 1-day engaged-view",,,
2026-08-01,2026-08-31,binder_leilao_10307,completed,,,0,,,1000,Lifetime,0,0,0,,,,2026-07-25,"7-day click, 1-day view, or 1-day engaged-view",,,
2026-08-01,2026-08-31,Binder_VendaDireta_Tráfego_PageView,completed,3,actions:omni_landing_page_view,0,,0,100,Daily,0,0,0,,,,2026-07-31,"7-day click or 1-day view",,,
2026-08-01,2026-08-31,[Binder][Cadastro]Leilão,active,254,conversions:offsite_conversion.fb_pixel_custom.Cadastro_site,2.791751,4.52037729,19.32692913,230,Daily,4909.04,455835,154061,12,9,,Ongoing,"7-day click or 1-day view",,,
2026-08-01,2026-08-31,[Binder][Tráfego][Compra],inactive,13503,actions:omni_landing_page_view,3.742327,71.66436684,0.44540398,10.28,Daily,6014.29,653469,255456,,,,Ongoing,"7-day click or 1-day view",,,
2026-08-01,2026-08-31,"[Binder] Leilão dia dos pais",inactive,9,conversions:offsite_conversion.fb_pixel_custom.Cadastro_site,2.311992,8.91089109,9.19555556,400,Lifetime,82.76,6689,3936,1,,,2026-09-08,"7-day click, 1-day view, or 1-day engaged-view",,,
2026-08-01,2026-08-31,"Vendas teste - Mitsubishi",inactive,2748,actions:link_click,7.694935,100,0.03174672,25,Daily,87.24,46246,32203,,,,Ongoing,"7-day click or 1-day view",,,
2026-08-01,2026-08-31,[Binder][PageView]Leilão,active,3211,actions:omni_landing_page_view,6.059314,77.91798107,0.27834631,15,Daily,893.77,91974,49263,1,1,,Ongoing,"7-day click or 1-day view",,,
2026-08-01,2026-08-31,"Binder | Compre Agora | Mitsubishi",completed,3309,actions:omni_landing_page_view,7.477825,83.96346105,0.35966153,2000,Lifetime,1190.12,40596,26719,,,,2026-08-16,"7-day click or 1-day view",,,
2026-08-01,2026-08-31,"Binder | Venha comprar | Mitsubishi",completed,1737,actions:omni_landing_page_view,6.963788,87.33031674,0.3411399,600,Lifetime,592.56,27174,13642,,,,2026-08-23,"7-day click or 1-day view",,,
2026-08-01,2026-08-31,"[Binder][PageView]Leilão Motos 22/08",completed,1703,actions:omni_landing_page_view,3.63603,75.12130569,0.23465649,421.05,Lifetime,399.62,70323,54510,1,1,,2026-08-21,"7-day click or 1-day view",,,
2026-08-01,2026-08-31,"[Binder][Tráfego][Compra] — Catálogo",inactive,4703,actions:omni_landing_page_view,12.497035,78.18786367,0.0795875,30,Daily,374.3,101207,37937,,,,Ongoing,"7-day click or 1-day view",,,
2026-08-01,2026-08-31,"Binder | Vendas | Mitsubishi | Agosto",completed,8,conversions:offsite_conversion.fb_pixel_custom.Cadastro_site,2.352679,1.63599182,37.21875,300,Lifetime,297.75,38126,17937,,,,2026-08-28,"7-day click, 1-day view, or 1-day engaged-view",,,
2026-08-01,2026-08-31,"[Binder][PageView]Leilão — Goiânia",active,248,actions:omni_landing_page_view,2.430556,85.2233677,0.2753629,15,Daily,68.29,13427,11232,,,,Ongoing,"7-day click or 1-day view",,,
2026-08-01,2026-08-31,"01.01 -   [CONTÍNUO] | [FB+IG] | [AUTO] | DIST | ALC | VÍDEO INSTITUCIONAL | 18/10/24 - SEM DATA",inactive,0,reach,0,,,16.66,Daily,0,0,0,,,,Ongoing,"7-day click or 1-day view",,,
2026-08-01,2026-08-31,"ENGAJAMENTO | COPART EXPLICA | TOPO | 18.10.24 +",inactive,,,0,,,10,Daily,0,0,0,,,,Ongoing,"7-day click or 1-day view",,,
2026-08-01,2026-08-31,"03.05 - [CONTÍNUO] | [FB+IG] | [AUTO] | CONV | CADASTRO | COMPRE AGORA | 22/11/ 24 % - SEM DATA",inactive,,,0,,,80,Daily,0,0,0,,,,Ongoing,"7-day click or 1-day view",,,
2026-08-01,2026-08-31,"03.10 - [GMZ.MOKE] | [CONTÍNUO] | [FB+IG] | [AUTO] | CONV | Venda Direta - MULHERES|  | 19/03/25 % - SEM DATA",inactive,,,0,,,"Using ad set budget",0,0,0,0,,,,Ongoing,"7-day click or 1-day view",,,
2026-08-01,2026-08-31,"CONVERSÃO | Venda Direta FACEBOOK | FUNDO | 03.04.25 %",inactive,,,0,,,"Using ad set budget",0,0,0,0,,,,Ongoing,"7-day click or 1-day view",,,
2026-08-01,2026-08-31,"ALCANCE | LEILÃO | SDA | TOPO | 04.11.25 +",inactive,0,reach,0,,,"Using ad set budget",0,0,0,0,,,,Ongoing,"7-day click or 1-day view",,,
2026-08-01,2026-08-31,"ALCANCE | LEILÃO % | SDA | MAVERICK | TOPO | 11.11.25",inactive,0,reach,0,,,124,Daily,0,0,0,,,,Ongoing,"7-day click or 1-day view",,,
2026-08-01,2026-08-31,"ENGAJAMENTO | LEILÃO % | SDA | MAVERICK | TOPO | 11.11.25",inactive,,,0,,,123,Daily,0,0,0,,,,Ongoing,"7-day click or 1-day view",,,
2026-08-01,2026-08-31,"CONVERSÃO | VENDA % | SDA | FUNDO - 24/11/25",inactive,,,0,,,600,Daily,0,0,0,,,,Ongoing,"7-day click, 1-day view, or 1-day engaged-view",,,
2026-08-01,2026-08-31,"INSTITUCIONAL | RECONHECIMENTO | TOPO | INFORMATIVOS | 12.01.26 @",inactive,0,reach,0,,,"Using ad set budget",0,0,0,0,,,,Ongoing,"7-day click or 1-day view",,,
2026-08-01,2026-08-31,"INSTITUCIONAL | RECONHECIMENTO | TOPO | ECOSSISTEMA | 12.01.26 @",inactive,0,reach,0,,,11.67,Daily,0,0,0,,,,Ongoing,"7-day click or 1-day view",,,
2026-08-01,2026-08-31,"VENDA DIRETA | TRÁFEGO | MEIO | INFORMATIVO | FACEBOOK | VENDER | 23.01.26 %",inactive,,,0,,,23.43,Daily,0,0,0,,,,Ongoing,"7-day click or 1-day view",,,
2026-08-01,2026-08-31,"INSTITUCIONAL | TRÁFEGO | MEIO | SERVIÇOS | 03.02.26 @",inactive,,,0,,,6.63,Daily,0,0,0,,,,Ongoing,"7-day click or 1-day view",,,
2026-08-01,2026-08-31,"INSTITUCIONAL | ENGAJAMENTO | TOPO | SERVIÇOS | 03.02.26 @",inactive,,,0,,,5.5,Daily,0,0,0,,,,Ongoing,"7-day click or 1-day view",,,
2026-08-01,2026-08-31,"VENDA DIRETA | CONVERSÃO | FUNDO | WHATSAPP FINANCIAMENTO | COMPRAR | 10.02.26 %",inactive,,,0,,,22,Daily,0,0,0,,,,Ongoing,"7-day click or 1-day view",,,
2026-08-01,2026-08-31,"Nova campanha de Vendas",inactive,,,0,,,25,Daily,0,0,0,,,,Ongoing,"7-day click or 1-day view",,,
2026-08-01,2026-08-31,"VENDA DIRETA | CONVERSÃO | FUNDO | SITE | FACEBOOK | COMPRAR | 25.02.26 %",inactive,,,0,,,23,Daily,0,0,0,,,,Ongoing,"Multiple attribution settings",,,
2026-08-01,2026-08-31,"INSTITUCIONAL | TRÁFEGO | MEIO | BLOG | 12.03.26 @",inactive,,,0,,,22,Daily,0,0,0,,,,Ongoing,"7-day click or 1-day view",,,
2026-08-01,2026-08-31,"TESTE AB | VENDA DIRETA | CONVERSÃO | FUNDO | WHATSAPP INSTAGRAM | VENDER |  01.04.26 %",inactive,,,0,,,"Using ad set budget",0,0,0,0,,,,Ongoing,"7-day click or 1-day view",,,
2026-08-01,2026-08-31,"LEILÃO | CONVERSÃO | FUNDO | PESADO DESMONTE | 07/04/2026 +",inactive,,,0,,,10.9,Daily,0,0,0,,,,Ongoing,"Multiple attribution settings",,,
2026-08-01,2026-08-31,"LEILÃO | RECONHECIMENTO | MEIO | INFORMATIVO GOLPE | FACEBOOK 14/04/2026 +",inactive,,,0,,,"Using ad set budget",0,0,0,0,,,,Ongoing,"7-day click or 1-day view",,,
2026-08-01,2026-08-31,"VENDA DIRETA | CONVERSÃO | FUNDO | SITE | INSTAGRAM | COMPRAR | 08.05.26 %",inactive,,,0,,,23,Daily,0,0,0,,,,Ongoing,"7-day click, 1-day view, or 1-day engaged-view",,,
2026-08-01,2026-08-31,"VENDA DIRETA | TRÁFEGO | MEIO | INFORMATIVO | INSTAGRAM | COMPRAR | 08.05.26 %",inactive,,,0,,,7.73,Daily,0,0,0,,,,Ongoing,"7-day click or 1-day view",,,
2026-08-01,2026-08-31,"VENDA DIRETA | TRÁFEGO | MEIO | INFORMATIVO | INSTAGRAM | VENDER | 08.05.26 %",inactive,,,0,,,7.75,Daily,0,0,0,,,,Ongoing,"7-day click or 1-day view",,,
2026-08-01,2026-08-31,"LEILÃO | ALCANCE | TOPO |  RECONHECIMENTO NORDESTE | 21.05.26 +",inactive,0,reach,0,,,11,Daily,0,0,0,,,,Ongoing,"7-day click or 1-day view",,,
2026-08-01,2026-08-31,1-AGX-COPART-NOVACONTA-SUV,inactive,,,0,,,66,Daily,0,0,0,,,,Ongoing,"7-day click",,,
2026-08-01,2026-08-31,2-AGX-COPART-NOVACONTA-MOTOS,inactive,,,0,,,50,Daily,0,0,0,,,,Ongoing,"7-day click",,,
2026-08-01,2026-08-31,3-AGX-COPART-TRÁFEGO-VENDA-VEÍCULOS,inactive,,,0,,,66,Daily,0,0,0,,,,Ongoing,"7-day click or 1-day view",,,
2026-08-01,2026-08-31,4-AGX-COPART-CONVERSÕES-MULHERES,inactive,,,0,,,65,Daily,0,0,0,,,,Ongoing,"7-day click or 1-day view",,,
2026-08-01,2026-08-31,5-AGX-COPART-ENGAJAMENTO,inactive,,,0,,,15,Daily,0,0,0,,,,Ongoing,"7-day click or 1-day view",,,
2026-08-01,2026-08-31,6-AGX-COPART-LEILAO-RECUPERADOS-FINANCIAMENTO,inactive,,,0,,,61,Daily,0,0,0,,,,Ongoing,"7-day click or 1-day view",,,
2026-08-01,2026-08-31,8-AGX-COPART-ENGAJAMENTO-MOTOS,inactive,,,0,,,33,Daily,0,0,0,,,,Ongoing,"7-day click or 1-day view",,,
2026-08-01,2026-08-31,"02.02 - [CONTÍNUO] | [FB+IG] | [AUTO] | CONSID | TRÁF | CARROS ENCHNETE | 13/08/24 - SEM DATA",inactive,,,0,,,25,Daily,0,0,0,,,,Ongoing,"7-day click or 1-day view",,,
2026-08-01,2026-08-31,"01.01 - [GMZ.MOKE] | [CONTÍNUO] | [FB+IG] | [AUTO] | ALC | MERCEDES BENZ",inactive,0,reach,0,,,40,Daily,0,0,0,,,,Ongoing,"7-day click or 1-day view",,,
2026-08-01,2026-08-31,"03.10 - [CONTÍNUO] | [FB+IG] | [AUTO] | CONV | PIXEL | Venda Direta | 22/11/24 % - SEM DATA",inactive,,,0,,,62.5,Daily,0,0,0,,,,Ongoing,"7-day click or 1-day view",,,
2026-08-01,2026-08-31,"03.10 - [GMZ.MOKE] | [CONTÍNUO] | [FB+IG] | [AUTO] | CONV | Venda Direta -DESEMPREGADO|  | 19/03/25 % - SEM DATA",inactive,,,0,,,"Using ad set budget",0,0,0,0,,,,Ongoing,"7-day click or 1-day view",,,
2026-08-01,2026-08-31,"CONVERSÃO | WHATSAPP | Venda Direta FACEBOOK | FUNDO | 30.05.25 %",inactive,,,0,,,"Using ad set budget",0,0,0,0,,,,1969-12-31,-,,,
2026-08-01,2026-08-31,"CONVERSÃO | WHATSAPP % | Venda Direta INSTAGRAM GLADSTON | FUNDO | 30.04.25",inactive,,,0,,,44,Daily,0,0,0,,,,Ongoing,"7-day click or 1-day view",,,
2026-08-01,2026-08-31,"CONVERSÃO | WHATSAPP % | Venda Direta FACEBOOK GLADSTON  | FUNDO | 30.05.25",inactive,,,0,,,45,Daily,0,0,0,,,,Ongoing,"7-day click or 1-day view",,,
2026-08-01,2026-08-31,"CONVERSÃO | LEILÃO | SDA | LEILÕES SALÃO | FUNDO - 24/11/25 +",inactive,,,0,,,"Using ad set budget",0,0,0,0,,,,Ongoing,"7-day click, 1-day view, or 1-day engaged-view",,,
2026-08-01,2026-08-31,"CONVERSÃO | LEILÃO | INSTITUCIONAL | FUNDO | 07.06.24 — Cópia +",inactive,,,0,,,100,Daily,0,0,0,,,,Ongoing,"7-day click or 1-day view",,,
2026-08-01,2026-08-31,"CONVERSÃO | LEILÃO SEMANAL | LEILÃO NORDESTE coliseu | FUNDO | 04.11.25 + — Cópia",inactive,,,0,,,50,Daily,0,0,0,,,,Ongoing,"7-day click, 1-day view, or 1-day engaged-view",,,
2026-08-01,2026-08-31,"INSTITUCIONAL | ENGAJAMENTO | TOPO | INFORMATIVOS | 12.01.26 @",inactive,,,0,,,7.46,Daily,0,0,0,,,,Ongoing,"7-day click or 1-day view",,,
2026-08-01,2026-08-31,"VENDA DIRETA | TRÁFEGO | MEIO | INFORMATIVO | FACEBOOK | COMPRAR | 23.01.26 %",inactive,,,0,,,16.36,Daily,0,0,0,,,,Ongoing,"7-day click or 1-day view",,,
2026-08-01,2026-08-31,"VENDA DIRETA | CONVERSÃO | FUNDO | WHATSAPP | COMPRAR | 25.02.26 %",inactive,,,0,,,20,Daily,0,0,0,,,,Ongoing,"7-day click or 1-day view",,,
2026-08-01,2026-08-31,"TESTE A/B | VENDA DIRETA | CONVERSÃO | FUNDO | WHATSAPP | COMPRAR | 01.04.26 %",inactive,,,0,,,"Using ad set budget",0,0,0,0,,,,Ongoing,"7-day click or 1-day view",,,
2026-08-01,2026-08-31,"TESTE AB | VENDA DIRETA | CONVERSÃO | FUNDO | WHATSAPP FACEBOOK | VENDER | 01.04.26 %",inactive,,,0,,,"Using ad set budget",0,0,0,0,,,,Ongoing,"7-day click or 1-day view",,,
2026-08-01,2026-08-31,"VENDA DIRETA | CONVERSÃO | FUNDO | COMPRE AGORA | COMPRAR | 08.09.25 %",inactive,,,0,,,"Using ad set budget",0,0,0,0,,,,Ongoing,"7-day click, 1-day view, or 1-day engaged-view",,,
2026-08-01,2026-08-31,"Nova campanha de Vendas",inactive,,,0,,,25,Daily,0,0,0,,,,Ongoing,"7-day click, 1-day view, or 1-day engaged-view",,,
2026-08-01,2026-08-31,"Catalogo de Vendas - Teste Copart (Vick)",inactive,,,0,,,10,Daily,0,0,0,,,,1969-12-31,-,,,
2026-08-01,2026-08-31,7-AGX-COPART-VEICULOS-SUV-PICAPE,inactive,,,0,,,60,Daily,0,0,0,,,,Ongoing,"7-day click or 1-day view",,,
2026-08-01,2026-08-31,"9-AGX-COPART-TRAFEGO-Venda Direta-AVARIADOS",inactive,,,0,,,"Using ad set budget",0,0,0,0,,,,Ongoing,"7-day click or 1-day view",,,
2026-08-01,2026-08-31,11-ENGAJAMENTO-REELS-AGX,inactive,,,0,,,"Using ad set budget",0,0,0,0,,,,Ongoing,"7-day click or 1-day view",,,
2026-08-01,2026-08-31,13-CADASTROS-LEILAO-AGX,inactive,,,0,,,"Using ad set budget",0,0,0,0,,,,Ongoing,"7-day click or 1-day view",,,
2026-08-01,2026-08-31,14-ENGAJAMENTO-FEED-AGX,inactive,,,0,,,"Using ad set budget",0,0,0,0,,,,Ongoing,"7-day click or 1-day view",,,
2026-08-01,2026-08-31,15-CADASTROS-BLINDADOS-AGX,inactive,,,0,,,32,Daily,0,0,0,,,,Ongoing,"7-day click or 1-day view",,,
2026-08-01,2026-08-31,"17-Venda Direta-VIEWS-VIDEO",inactive,,,0,,,"Using ad set budget",0,0,0,0,,,,Ongoing,"7-day click or 1-day view",,,
2026-08-01,2026-08-31,18-CONVERSAO-CADASTRO-AGX,inactive,,,0,,,"Using ad set budget",0,0,0,0,,,,Ongoing,"7-day click or 1-day view",,,
2026-08-01,2026-08-31,"[AGX-COPART] [Venda Direta] [TOPO] [CADASTRO]",inactive,,,0,,,"Using ad set budget",0,0,0,0,,,,Ongoing,"7-day click or 1-day view",,,
2026-08-01,2026-08-31,"⭐03.10 - [GMZ.MOKE] | [CONTÍNUO] | [FB+IG] | [AUTO] | CONV | Venda Direta | LP INSTITUCIONAL | 23/05/24 % - SEM DATA",inactive,,,0,,,128.53,Daily,0,0,0,,,,Ongoing,"7-day click or 1-day view",,,
2026-08-01,2026-08-31,"⭐ 03.10 - [GMZ.MOKE] | [CONTÍNUO] | [FB+IG] | [AUTO] | CONV | LEILÃO | LP INSTITUCIONAL | 23/05/24 - SEM DATA",inactive,,,0,,,68.8,Daily,0,0,0,,,,Ongoing,"7-day click or 1-day view",,,
2026-08-01,2026-08-31,"[ATIVAR] 03.10 - [GMZ.MOKE] | [CONTÍNUO] | [FB+IG] | [AUTO] | CONV | COMPRE AGORA | LP INSTITUCIONAL | 14/05/ 24 % - SEM DATA",inactive,,,0,,,24.77,Daily,0,0,0,,,,1969-12-31,-,,,
2026-08-01,2026-08-31,"[ATIVAR] 04.10 - [GMZ.MOKE] | [CONTÍNUO] | [FB+IG] | [AUTO] | RMKT | Venda Direta | LP INSTITUCIONAL | 14/05/24 % - SEM DATA",inactive,,,0,,,8.77,Daily,0,0,0,,,,Ongoing,"7-day click or 1-day view",,,
2026-08-01,2026-08-31,"[ATIVAR] 04.10 - [GMZ.MOKE] | [CONTÍNUO] | [FB+IG] | [AUTO] | RMKT | LEILÃO | LP INSTITUCIONAL | 14/05/24 - SEM DATA",inactive,,,0,,,8.52,Daily,0,0,0,,,,Ongoing,"7-day click or 1-day view",,,
2026-08-01,2026-08-31,"[ATIVAR] 04.10 - [GMZ.MOKE] | [CONTÍNUO] | [FB+IG] | [AUTO] | RMKT | COMPRE AGORA | DESTINO A DEFINIR | 14/05/ 24 % - SEM DATA",inactive,,,0,,,8.52,Daily,0,0,0,,,,1969-12-31,-,,,
2026-08-01,2026-08-31,"[ATIVAR] 02.02 - [GMZ.MOKE] | [CONTÍNUO] | [FB+IG] | [AUTO] | TRÁF | Venda Direta | BLOG | 14/05/24 % - SEM DATA",inactive,,,0,,,12.9,Daily,0,0,0,,,,1969-12-31,-,,,
2026-08-01,2026-08-31,"[ATIVAR] 02.02 - [GMZ.MOKE] | [CONTÍNUO] | [FB+IG] | [AUTO] | TRÁF | COMPRE AGORA | BLOG | 14/05/ 24 % - SEM DATA — Cópia",inactive,,,0,,,12.9,Daily,0,0,0,,,,1969-12-31,-,,,
2026-08-01,2026-08-31,"[ATIVAR] 02.02 - [GMZ.MOKE] | [CONTÍNUO] | [FB+IG] | [AUTO] | TRÁF | INSTITUCIONAL | BLOG | 14/05/24 - SEM DATA — Cópia",inactive,,,0,,,12.9,Daily,0,0,0,,,,1969-12-31,-,,,
2026-08-01,2026-08-31,"[ATIVAR] 02.02 - [GMZ.MOKE] | [CONTÍNUO] | [FB+IG] | [AUTO] | TRÁF | LEILÃO | BLOG | 14/05/24 - SEM DATA — Cópia",inactive,,,0,,,12.9,Daily,0,0,0,,,,1969-12-31,-,,,
2026-08-01,2026-08-31,"03.10 - [GMZ.MOKE] | [CONTÍNUO] | [FB+IG] | [AUTO] | CONV | Venda Direta | LP INSTITUCIONAL | 07/06/24 % - SEM DATA",inactive,,,0,,,88.68,Daily,0,0,0,,,,Ongoing,"7-day click or 1-day view",,,
